{
	"bundles": [{
		"sku": "BD023",
		"title": "18 pound goodybag",
		"price": "18 pounds",
		"data": "6 gigabytes",
		"minutes": "2000",
		"texts": "unlimited"
	}, {
		"sku": "BD024",
		"title": "20 pound goodybag",
		"price": "20 pounds",
		"data": "always on",
		"minutes": "unlimited",
		"texts": "unlimited"
	}, {
		"sku": "BD025",
		"title": "5 pound goodybag",
		"price": "5 pounds",
		"data": "100 megabytes",
		"minutes": "125",
		"texts": "500"
	}, {
		"sku": "BD013",
		"title": "7 pound 50 goodybag",
		"price": "7 pounds 50 pence",
		"data": "500 megabytes",
		"minutes": "250",
		"texts": "unlimited"
	}, {
		"sku": "BD002",
		"title": "10 pound goodybag",
		"price": "10 pounds",
		"data": "1 gigabyte",
		"minutes": "500",
		"texts": "unlimited"
	}, {
		"sku": "BD026",
		"title": "10 pound goodybag",
		"price": "10 pounds",
		"data": "2 gigabytes",
		"minutes": "100",
		"texts": "unlimited"
	}, {
		"sku": "BD021",
		"title": "12 pound goodybag",
		"price": "12 pounds",
		"data": "2 gigabytes",
		"minutes": "500",
		"texts": "unlimited"
	}, {
		"sku": "BD022",
		"title": "15 pound goodybag",
		"price": "15 pounds",
		"data": "4 gigabytes",
		"minutes": "1000",
		"texts": "unlimited"
	}, {
		"sku": "BD023",
		"title": "18 pound goodybag",
		"price": "15 pounds",
		"data": "4 gigabytes",
		"minutes": "1000",
		"texts": "unlimited"
	}]
}